marker1,marker2,distance
4,5,0.2498
5,6,0.24987
7,8,0.24985
9,10,0.49965
10,11,0.49963
12,13,0.24976
13,14,0.24987
33,34,0.50016
34,35,0.50034
36,37,0.24997
37,38,0.2501
41,42,0.49999
42,43,0.50019
44,45,0.25008
45,46,0.24996
49,50,0.50009
50,51,0.50007
52,53,0.25
53,54,0.25004
55,56,0.2501
57,58,0.50016
58,59,0.50013
63,64,0.25008
65,66,0.50021
66,67,0.50029
68,69,0.25008
69,70,0.25006
73,74,0.50026
74,75,0.50035
76,77,0.25014
77,78,0.25011
79,80,0.25007
